parent_id,child_id,rel_type
-100000000000192795,-100000000000193102,HAS_PROVINCE
-100000000000192795,-100000000005642697,HAS_PROVINCE
-100000000000192795,-100000000005642698,HAS_PROVINCE
-100000000000192795,-100000000005642699,HAS_PROVINCE
-100000000000192795,-100000000000193083,HAS_PROVINCE
-100000000000192795,-100000000000193099,HAS_PROVINCE
-100000000000192795,-100000000005646599,HAS_PROVINCE
-100000000000192795,-100000000003652373,HAS_PROVINCE
-100000000000192795,-100000000000193086,HAS_PROVINCE
-100000000000192795,-100000000005646600,HAS_PROVINCE
-100000000000192795,-100000000003654168,HAS_PROVINCE
-100000000000192795,-100000000000193085,HAS_PROVINCE
-100000000000192795,-100000000005646601,HAS_PROVINCE
-100000000000192795,-100000000005646653,HAS_PROVINCE
-100000000000192795,-100000000000193090,HAS_PROVINCE
-100000000000192795,-100000000000193091,HAS_PROVINCE
-100000000000192795,-100000000000192819,HAS_PROVINCE
-100000000000192795,-100000000005646651,HAS_PROVINCE
-100000000000192795,-100000000005647368,HAS_PROVINCE
-100000000000192795,-100000000000193084,HAS_PROVINCE
-100000000000192795,-100000000000192820,HAS_PROVINCE
-100000000000192795,-100000000000192822,HAS_PROVINCE
-100000000000192795,-100000000000193101,HAS_PROVINCE
-100000000000192795,-100000000000192821,HAS_PROVINCE
-100000000000192795,-100000000000192818,HAS_PROVINCE
-100000000000192795,-100000000000192817,HAS_PROVINCE
-100000000005646653,-100000000014359090,HAS_CITY
-100000000005642699,-100000000012766434,HAS_CITY
-100000000000192818,-100000000012720424,HAS_CITY
-100000000000193086,-100000000011925117,HAS_CITY
-100000000000193085,-100000000011912737,HAS_CITY
-100000000000193101,-100000000011719861,HAS_CITY
-100000000000193101,-100000000011719860,HAS_CITY
-100000000000192822,-100000000011719840,HAS_CITY
-100000000000192821,-100000000011719784,HAS_CITY
-100000000000192818,-100000000011701911,HAS_CITY
-100000000000192818,-100000000011294846,HAS_CITY
-100000000000192818,-100000000011294845,HAS_CITY
-100000000005646601,-100000000011250678,HAS_CITY
-100000000000192818,-100000000011132472,HAS_CITY
-100000000005646601,-100000000011116707,HAS_CITY
-100000000005646601,-100000000011111575,HAS_CITY
-100000000005646601,-100000000011111431,HAS_CITY
-100000000005646601,-100000000011111430,HAS_CITY
-100000000000193090,-100000000011107202,HAS_CITY
-100000000000192818,-100000000009984940,HAS_CITY
-100000000000192820,-100000000009982840,HAS_CITY
-100000000000193085,-100000000009231673,HAS_CITY
-100000000005642698,-100000000008974983,HAS_CITY
-100000000005642698,-100000000008974600,HAS_CITY
-100000000005642698,-100000000008972965,HAS_CITY
-100000000005642698,-100000000008972963,HAS_CITY
-100000000003654168,-100000000006820700,HAS_CITY
-100000000003654168,-100000000006820699,HAS_CITY
-100000000003654168,-100000000006820698,HAS_CITY
-100000000003654168,-100000000006820610,HAS_CITY
-100000000003654168,-100000000006820509,HAS_CITY
-100000000003654168,-100000000006178732,HAS_CITY
-100000000000193086,-100000000005990382,HAS_CITY
-100000000005646651,-100000000005646651,HAS_CITY
-100000000000193085,-100000000005387758,HAS_CITY
-100000000000193086,-100000000005328045,HAS_CITY
-100000000000193090,-100000000005327850,HAS_CITY
-100000000000193090,-100000000005327849,HAS_CITY
-100000000000193090,-100000000005327848,HAS_CITY
-100000000000193090,-100000000005327847,HAS_CITY
-100000000000193090,-100000000005327846,HAS_CITY
-100000000000193090,-100000000005327845,HAS_CITY
-100000000000193090,-100000000005327844,HAS_CITY
-100000000000193090,-100000000005327843,HAS_CITY
-100000000000193090,-100000000005327841,HAS_CITY
-100000000000193090,-100000000005327840,HAS_CITY
-100000000000193090,-100000000005327839,HAS_CITY
-100000000005642699,-100000000005327799,HAS_CITY
-100000000005642698,-100000000005327798,HAS_CITY
-100000000005642699,-100000000005327797,HAS_CITY
-100000000005642699,-100000000005327795,HAS_CITY
-100000000005642697,-100000000005327794,HAS_CITY
-100000000005642697,-100000000005327793,HAS_CITY
-100000000005642699,-100000000005327792,HAS_CITY
-100000000005642698,-100000000005327791,HAS_CITY
-100000000005642697,-100000000005327790,HAS_CITY
-100000000005642698,-100000000005327789,HAS_CITY
-100000000005642697,-100000000005327788,HAS_CITY
-100000000005642697,-100000000005327787,HAS_CITY
-100000000005642697,-100000000005327786,HAS_CITY
-100000000005642699,-100000000005327785,HAS_CITY
-100000000005642699,-100000000005327783,HAS_CITY
-100000000005642697,-100000000005327780,HAS_CITY
-100000000005642698,-100000000005327779,HAS_CITY
-100000000005642699,-100000000005327778,HAS_CITY
-100000000005642699,-100000000005327777,HAS_CITY
-100000000005642698,-100000000005327776,HAS_CITY
-100000000005646653,-100000000005327626,HAS_CITY
-100000000005647368,-100000000005327613,HAS_CITY
-100000000000192821,-100000000000402103,HAS_CITY
-100000000005647368,-100000000000193096,HAS_CITY
-100000000005646599,-100000000000193095,HAS_CITY
-100000000005646601,-100000000000193094,HAS_CITY
-100000000005646600,-100000000000193093,HAS_CITY
-100000000005646653,-100000000000193092,HAS_CITY
-100000000014359090,-100000000014358799,HAS_MUNICIPALITY
-100000000014359090,-100000000014358700,HAS_MUNICIPALITY
-100000000014359090,-100000000014359077,HAS_MUNICIPALITY
-100000000014359090,-100000000014358881,HAS_MUNICIPALITY
-100000000012766434,-100000000006035340,HAS_MUNICIPALITY
-100000000012766434,-100000000006035341,HAS_MUNICIPALITY
-100000000011701911,-100000000014591036,HAS_MUNICIPALITY
-100000000009982840,-100000000009984183,HAS_MUNICIPALITY
-100000000009982840,-100000000009984176,HAS_MUNICIPALITY
-100000000009982840,-100000000009984177,HAS_MUNICIPALITY
-100000000009982840,-100000000009984181,HAS_MUNICIPALITY
-100000000009982840,-100000000009984182,HAS_MUNICIPALITY
-100000000009982840,-100000000009984180,HAS_MUNICIPALITY
-100000000009982840,-100000000009984178,HAS_MUNICIPALITY
-100000000009982840,-100000000009984179,HAS_MUNICIPALITY
-100000000009231673,-100000000011909607,HAS_MUNICIPALITY
-100000000008974983,-100000000008975392,HAS_MUNICIPALITY
-100000000008974983,-100000000008975393,HAS_MUNICIPALITY
-100000000008974600,-100000000008975595,HAS_MUNICIPALITY
-100000000008972965,-100000000011698638,HAS_MUNICIPALITY
-100000000008972965,-100000000011698635,HAS_MUNICIPALITY
-100000000008972965,-100000000011698636,HAS_MUNICIPALITY
-100000000008972965,-100000000011698637,HAS_MUNICIPALITY
-100000000008972963,-100000000010006977,HAS_MUNICIPALITY
-100000000008972963,-100000000010006978,HAS_MUNICIPALITY
-100000000008972963,-100000000010006979,HAS_MUNICIPALITY
-100000000008972963,-100000000010006980,HAS_MUNICIPALITY
-100000000006820698,-100000000011634924,HAS_MUNICIPALITY
-100000000006820509,-100000000006826856,HAS_MUNICIPALITY
-100000000006820509,-100000000006826855,HAS_MUNICIPALITY
-100000000006178732,-100000000006101820,HAS_MUNICIPALITY
-100000000006178732,-100000000006178725,HAS_MUNICIPALITY
-100000000006178732,-100000000006178724,HAS_MUNICIPALITY
-100000000006178732,-100000000006083081,HAS_MUNICIPALITY
-100000000006178732,-100000000006178723,HAS_MUNICIPALITY
-100000000005646651,-100000000000389761,HAS_MUNICIPALITY
-100000000005646651,-100000000000389760,HAS_MUNICIPALITY
-100000000005646651,-100000000000388135,HAS_MUNICIPALITY
-100000000005646651,-100000000000388134,HAS_MUNICIPALITY
-100000000005646651,-100000000010993823,HAS_MUNICIPALITY
-100000000005646651,-100000000000388094,HAS_MUNICIPALITY
-100000000005646651,-100000000000388091,HAS_MUNICIPALITY
-100000000005646651,-100000000000388098,HAS_MUNICIPALITY
-100000000005646651,-100000000000388090,HAS_MUNICIPALITY
-100000000005646651,-100000000000388097,HAS_MUNICIPALITY
-100000000005646651,-100000000000388104,HAS_MUNICIPALITY
-100000000005646651,-100000000000388103,HAS_MUNICIPALITY
-100000000005646651,-100000000000388599,HAS_MUNICIPALITY
-100000000005646651,-100000000000388127,HAS_MUNICIPALITY
-100000000005646651,-100000000000388139,HAS_MUNICIPALITY
-100000000005646651,-100000000000388133,HAS_MUNICIPALITY
-100000000005646651,-100000000010089740,HAS_MUNICIPALITY
-100000000005646651,-100000000000389334,HAS_MUNICIPALITY
-100000000005646651,-100000000000389659,HAS_MUNICIPALITY
-100000000005646651,-100000000000389694,HAS_MUNICIPALITY
-100000000005646651,-100000000000389689,HAS_MUNICIPALITY
-100000000005646651,-100000000000389614,HAS_MUNICIPALITY
-100000000005646651,-100000000000389536,HAS_MUNICIPALITY
-100000000005646651,-100000000000389746,HAS_MUNICIPALITY
-100000000005387758,-100000000005399774,HAS_MUNICIPALITY
-100000000005387758,-100000000005399777,HAS_MUNICIPALITY
-100000000005387758,-100000000005399775,HAS_MUNICIPALITY
-100000000005387758,-100000000005388138,HAS_MUNICIPALITY
-100000000005387758,-100000000005387970,HAS_MUNICIPALITY
-100000000005387758,-100000000005387831,HAS_MUNICIPALITY
-100000000005387758,-100000000005399776,HAS_MUNICIPALITY
-100000000005327799,-100000000006035373,HAS_MUNICIPALITY
-100000000005327799,-100000000006035372,HAS_MUNICIPALITY
-100000000005327798,-100000000008975594,HAS_MUNICIPALITY
-100000000005327797,-100000000006035292,HAS_MUNICIPALITY
-100000000005327797,-100000000006035294,HAS_MUNICIPALITY
-100000000005327797,-100000000006035293,HAS_MUNICIPALITY
-100000000005327795,-100000000005673383,HAS_MUNICIPALITY
-100000000005327795,-100000000005673382,HAS_MUNICIPALITY
-100000000005327792,-100000000005671334,HAS_MUNICIPALITY
-100000000005327792,-100000000005671335,HAS_MUNICIPALITY
-100000000005327792,-100000000005671332,HAS_MUNICIPALITY
-100000000005327792,-100000000005671333,HAS_MUNICIPALITY
-100000000005327792,-100000000005671336,HAS_MUNICIPALITY
-100000000005327792,-100000000005671337,HAS_MUNICIPALITY
-100000000005327791,-100000000008975596,HAS_MUNICIPALITY
-100000000005327791,-100000000008975599,HAS_MUNICIPALITY
-100000000005327791,-100000000008975598,HAS_MUNICIPALITY
-100000000005327791,-100000000008975597,HAS_MUNICIPALITY
-100000000005327789,-100000000008975302,HAS_MUNICIPALITY
-100000000005327789,-100000000008975305,HAS_MUNICIPALITY
-100000000005327789,-100000000008975304,HAS_MUNICIPALITY
-100000000005327789,-100000000008975303,HAS_MUNICIPALITY
-100000000005327789,-100000000008974458,HAS_MUNICIPALITY
-100000000005327789,-100000000008972964,HAS_MUNICIPALITY
-100000000005327785,-100000000006035363,HAS_MUNICIPALITY
-100000000005327785,-100000000006035364,HAS_MUNICIPALITY
-100000000005327783,-100000000006035472,HAS_MUNICIPALITY
-100000000005327783,-100000000006035470,HAS_MUNICIPALITY
-100000000005327779,-100000000009592317,HAS_MUNICIPALITY
-100000000005327779,-100000000009592316,HAS_MUNICIPALITY
-100000000005327778,-100000000005676380,HAS_MUNICIPALITY
-100000000005327778,-100000000005676379,HAS_MUNICIPALITY
-100000000005327778,-100000000005676381,HAS_MUNICIPALITY
-100000000005327778,-100000000005676378,HAS_MUNICIPALITY
-100000000005327777,-100000000006035468,HAS_MUNICIPALITY
-100000000005327777,-100000000006035471,HAS_MUNICIPALITY
-100000000005327777,-100000000006035469,HAS_MUNICIPALITY
-100000000005327776,-100000000012720378,HAS_MUNICIPALITY
-100000000005327776,-100000000008972961,HAS_MUNICIPALITY
-100000000005327776,-100000000008974457,HAS_MUNICIPALITY
-100000000005327776,-100000000008972962,HAS_MUNICIPALITY
-100000000005327776,-100000000008974486,HAS_MUNICIPALITY
-100000000005327626,-100000000009992538,HAS_MUNICIPALITY
-100000000005327626,-100000000009992537,HAS_MUNICIPALITY
-100000000005327626,-100000000009992536,HAS_MUNICIPALITY
-100000000000402103,-100000000000402189,HAS_MUNICIPALITY
-100000000000402103,-100000000000402183,HAS_MUNICIPALITY
-100000000000402103,-100000000000402188,HAS_MUNICIPALITY
-100000000000402103,-100000000000402181,HAS_MUNICIPALITY
-100000000000402103,-100000000000402182,HAS_MUNICIPALITY
-100000000000193092,-100000000014358799,HAS_MUNICIPALITY
-100000000000193092,-100000000014358700,HAS_MUNICIPALITY
-100000000000193092,-100000000014359077,HAS_MUNICIPALITY
-100000000000193092,-100000000014358881,HAS_MUNICIPALITY
-100000000014358700,-100000000014364561,HAS_NEIGHBORHOOD
-100000000014358700,-100000000014364357,HAS_NEIGHBORHOOD
-100000000014591036,-100000000014580249,HAS_NEIGHBORHOOD
-100000000014591036,-100000000014563432,HAS_NEIGHBORHOOD
-100000000014591036,-100000000014573581,HAS_NEIGHBORHOOD
-100000000014591036,-100000000014573580,HAS_NEIGHBORHOOD
-100000000014591036,-100000000014563430,HAS_NEIGHBORHOOD
-100000000014591036,-100000000014563091,HAS_NEIGHBORHOOD
-100000000014591036,-100000000014573579,HAS_NEIGHBORHOOD
-100000000014591036,-100000000014577462,HAS_NEIGHBORHOOD
-100000000009984176,-100000000012441041,HAS_NEIGHBORHOOD
-100000000011698636,-100000000014300755,HAS_NEIGHBORHOOD
-100000000011698636,-100000000014288194,HAS_NEIGHBORHOOD
-100000000011698636,-100000000014312791,HAS_NEIGHBORHOOD
-100000000011698636,-100000000014331568,HAS_NEIGHBORHOOD
-100000000010006978,-100000000010997458,HAS_NEIGHBORHOOD
-100000000006101820,-100000000006092136,HAS_NEIGHBORHOOD
-100000000006101820,-100000000006081620,HAS_NEIGHBORHOOD
-100000000006101820,-100000000006081611,HAS_NEIGHBORHOOD
-100000000006101820,-100000000006081623,HAS_NEIGHBORHOOD
-100000000006101820,-100000000006092135,HAS_NEIGHBORHOOD
-100000000006101820,-100000000006084049,HAS_NEIGHBORHOOD
-100000000006101820,-100000000006084058,HAS_NEIGHBORHOOD
-100000000006101820,-100000000006084054,HAS_NEIGHBORHOOD
-100000000006101820,-100000000006092133,HAS_NEIGHBORHOOD
-100000000006101820,-100000000006084062,HAS_NEIGHBORHOOD
-100000000006101820,-100000000006081619,HAS_NEIGHBORHOOD
-100000000006101820,-100000000006081604,HAS_NEIGHBORHOOD
-100000000006101820,-100000000006084059,HAS_NEIGHBORHOOD
-100000000006101820,-100000000006081622,HAS_NEIGHBORHOOD
-100000000006101820,-100000000006081607,HAS_NEIGHBORHOOD
-100000000006101820,-100000000006081613,HAS_NEIGHBORHOOD
-100000000006101820,-100000000006081605,HAS_NEIGHBORHOOD
-100000000006101820,-100000000006084065,HAS_NEIGHBORHOOD
-100000000006101820,-100000000006081614,HAS_NEIGHBORHOOD
-100000000006101820,-100000000006084052,HAS_NEIGHBORHOOD
-100000000006101820,-100000000006084063,HAS_NEIGHBORHOOD
-100000000006101820,-100000000006084057,HAS_NEIGHBORHOOD
-100000000006101820,-100000000006092134,HAS_NEIGHBORHOOD
-100000000006101820,-100000000006081610,HAS_NEIGHBORHOOD
-100000000006101820,-100000000006081618,HAS_NEIGHBORHOOD
-100000000006101820,-100000000006084055,HAS_NEIGHBORHOOD
-100000000006101820,-100000000006084068,HAS_NEIGHBORHOOD
-100000000006101820,-100000000006084051,HAS_NEIGHBORHOOD
-100000000006101820,-100000000006081608,HAS_NEIGHBORHOOD
-100000000006101820,-100000000006081624,HAS_NEIGHBORHOOD
-100000000006101820,-100000000006084061,HAS_NEIGHBORHOOD
-100000000006101820,-100000000006084048,HAS_NEIGHBORHOOD
-100000000006101820,-100000000006087070,HAS_NEIGHBORHOOD
-100000000006101820,-100000000006084056,HAS_NEIGHBORHOOD
-100000000006101820,-100000000006084050,HAS_NEIGHBORHOOD
-100000000006101820,-100000000006084053,HAS_NEIGHBORHOOD
-100000000006101820,-100000000006101821,HAS_NEIGHBORHOOD
-100000000006101820,-100000000006084066,HAS_NEIGHBORHOOD
-100000000006101820,-100000000006084064,HAS_NEIGHBORHOOD
-100000000006101820,-100000000006084060,HAS_NEIGHBORHOOD
-100000000006101820,-100000000006084067,HAS_NEIGHBORHOOD
-100000000006083081,-100000000006077558,HAS_NEIGHBORHOOD
-100000000006083081,-100000000006081606,HAS_NEIGHBORHOOD
-100000000006083081,-100000000006081612,HAS_NEIGHBORHOOD
-100000000006083081,-100000000006078067,HAS_NEIGHBORHOOD
-100000000006083081,-100000000006078072,HAS_NEIGHBORHOOD
-100000000006083081,-100000000006078066,HAS_NEIGHBORHOOD
-100000000006083081,-100000000006081603,HAS_NEIGHBORHOOD
-100000000006083081,-100000000006081621,HAS_NEIGHBORHOOD
-100000000006083081,-100000000006081616,HAS_NEIGHBORHOOD
-100000000006083081,-100000000006081609,HAS_NEIGHBORHOOD
-100000000006083081,-100000000006077556,HAS_NEIGHBORHOOD
-100000000006083081,-100000000006081625,HAS_NEIGHBORHOOD
-100000000006083081,-100000000006078068,HAS_NEIGHBORHOOD
-100000000006083081,-100000000006081615,HAS_NEIGHBORHOOD
-100000000006083081,-100000000006076454,HAS_NEIGHBORHOOD
-100000000006083081,-100000000006075876,HAS_NEIGHBORHOOD
-100000000006083081,-100000000006075875,HAS_NEIGHBORHOOD
-100000000006083081,-100000000006075874,HAS_NEIGHBORHOOD
-100000000006083081,-100000000006076437,HAS_NEIGHBORHOOD
-100000000006083081,-100000000006075985,HAS_NEIGHBORHOOD
-100000000006083081,-100000000006075987,HAS_NEIGHBORHOOD
-100000000006083081,-100000000006076436,HAS_NEIGHBORHOOD
-100000000006083081,-100000000006075877,HAS_NEIGHBORHOOD
-100000000006083081,-100000000006078064,HAS_NEIGHBORHOOD
-100000000006083081,-100000000006078062,HAS_NEIGHBORHOOD
-100000000006083081,-100000000006081617,HAS_NEIGHBORHOOD
-100000000006083081,-100000000006078070,HAS_NEIGHBORHOOD
-100000000006083081,-100000000006078069,HAS_NEIGHBORHOOD
-100000000006083081,-100000000006078063,HAS_NEIGHBORHOOD
-100000000006083081,-100000000006078071,HAS_NEIGHBORHOOD
-100000000006083081,-100000000006078065,HAS_NEIGHBORHOOD
-100000000006083081,-100000000006075986,HAS_NEIGHBORHOOD
-100000000006083081,-100000000006077557,HAS_NEIGHBORHOOD
-100000000000389760,-100000000010994977,HAS_NEIGHBORHOOD
-100000000000389760,-100000000010994978,HAS_NEIGHBORHOOD
-100000000000389760,-100000000010994979,HAS_NEIGHBORHOOD
-100000000000389760,-100000000010994983,HAS_NEIGHBORHOOD
-100000000000389760,-100000000009463063,HAS_NEIGHBORHOOD
-100000000000389760,-100000000009463064,HAS_NEIGHBORHOOD
-100000000000389760,-100000000009463059,HAS_NEIGHBORHOOD
-100000000000389760,-100000000009463062,HAS_NEIGHBORHOOD
-100000000000389760,-100000000010994980,HAS_NEIGHBORHOOD
-100000000000389760,-100000000010994981,HAS_NEIGHBORHOOD
-100000000000389760,-100000000010994974,HAS_NEIGHBORHOOD
-100000000000389760,-100000000010994975,HAS_NEIGHBORHOOD
-100000000000389760,-100000000010994973,HAS_NEIGHBORHOOD
-100000000000389760,-100000000010994982,HAS_NEIGHBORHOOD
-100000000000389760,-100000000009463057,HAS_NEIGHBORHOOD
-100000000000389760,-100000000009463060,HAS_NEIGHBORHOOD
-100000000000389760,-100000000009463061,HAS_NEIGHBORHOOD
-100000000000389760,-100000000009463058,HAS_NEIGHBORHOOD
-100000000000389760,-100000000009463056,HAS_NEIGHBORHOOD
-100000000000389760,-100000000009384419,HAS_NEIGHBORHOOD
-100000000000389760,-100000000010994976,HAS_NEIGHBORHOOD
-100000000010993823,-100000000009420671,HAS_NEIGHBORHOOD
-100000000010993823,-100000000009420672,HAS_NEIGHBORHOOD
-100000000010993823,-100000000009420673,HAS_NEIGHBORHOOD
-100000000010993823,-100000000009420674,HAS_NEIGHBORHOOD
-100000000010993823,-100000000009420670,HAS_NEIGHBORHOOD
-100000000010993823,-100000000009420669,HAS_NEIGHBORHOOD
-100000000010993823,-100000000009420668,HAS_NEIGHBORHOOD
-100000000010993823,-100000000009420667,HAS_NEIGHBORHOOD
-100000000000388094,-100000000009405607,HAS_NEIGHBORHOOD
-100000000000388094,-100000000009405605,HAS_NEIGHBORHOOD
-100000000000388094,-100000000009405609,HAS_NEIGHBORHOOD
-100000000000388094,-100000000009405608,HAS_NEIGHBORHOOD
-100000000000388094,-100000000009405606,HAS_NEIGHBORHOOD
-100000000000388094,-100000000009405604,HAS_NEIGHBORHOOD
-100000000000388094,-100000000009405603,HAS_NEIGHBORHOOD
-100000000000388091,-100000000009384589,HAS_NEIGHBORHOOD
-100000000000388091,-100000000009384575,HAS_NEIGHBORHOOD
-100000000000388091,-100000000009384577,HAS_NEIGHBORHOOD
-100000000000388091,-100000000009384576,HAS_NEIGHBORHOOD
-100000000000388091,-100000000009384579,HAS_NEIGHBORHOOD
-100000000000388091,-100000000009384580,HAS_NEIGHBORHOOD
-100000000000388091,-100000000009384588,HAS_NEIGHBORHOOD
-100000000000388091,-100000000009384590,HAS_NEIGHBORHOOD
-100000000000388098,-100000000009384428,HAS_NEIGHBORHOOD
-100000000000388098,-100000000009384424,HAS_NEIGHBORHOOD
-100000000000388098,-100000000009384423,HAS_NEIGHBORHOOD
-100000000000388098,-100000000009384425,HAS_NEIGHBORHOOD
-100000000000388098,-100000000009384427,HAS_NEIGHBORHOOD
-100000000000388098,-100000000009384426,HAS_NEIGHBORHOOD
-100000000000388098,-100000000009384421,HAS_NEIGHBORHOOD
-100000000000388098,-100000000009384420,HAS_NEIGHBORHOOD
-100000000000388098,-100000000009384422,HAS_NEIGHBORHOOD
-100000000000388090,-100000000009384578,HAS_NEIGHBORHOOD
-100000000000388090,-100000000009384581,HAS_NEIGHBORHOOD
-100000000000388090,-100000000009384582,HAS_NEIGHBORHOOD
-100000000000388090,-100000000009384583,HAS_NEIGHBORHOOD
-100000000000388090,-100000000009384584,HAS_NEIGHBORHOOD
-100000000000388090,-100000000009384585,HAS_NEIGHBORHOOD
-100000000000388090,-100000000009384587,HAS_NEIGHBORHOOD
-100000000000388090,-100000000009384586,HAS_NEIGHBORHOOD
-100000000000388097,-100000000009384228,HAS_NEIGHBORHOOD
-100000000000388097,-100000000009384229,HAS_NEIGHBORHOOD
-100000000000388097,-100000000009384231,HAS_NEIGHBORHOOD
-100000000000388097,-100000000009384230,HAS_NEIGHBORHOOD
-100000000000388097,-100000000009384232,HAS_NEIGHBORHOOD
-100000000000388097,-100000000009384233,HAS_NEIGHBORHOOD
-100000000000388097,-100000000009384235,HAS_NEIGHBORHOOD
-100000000000388097,-100000000009384234,HAS_NEIGHBORHOOD
-100000000000388104,-100000000009400357,HAS_NEIGHBORHOOD
-100000000000388104,-100000000009400355,HAS_NEIGHBORHOOD
-100000000000388104,-100000000009400354,HAS_NEIGHBORHOOD
-100000000000388104,-100000000009400356,HAS_NEIGHBORHOOD
-100000000000388104,-100000000009400358,HAS_NEIGHBORHOOD
-100000000000388104,-100000000009400362,HAS_NEIGHBORHOOD
-100000000000388104,-100000000009400361,HAS_NEIGHBORHOOD
-100000000000388104,-100000000009400360,HAS_NEIGHBORHOOD
-100000000000388104,-100000000009400359,HAS_NEIGHBORHOOD
-100000000000388103,-100000000009386883,HAS_NEIGHBORHOOD
-100000000000388103,-100000000009386882,HAS_NEIGHBORHOOD
-100000000000388103,-100000000009386881,HAS_NEIGHBORHOOD
-100000000000388103,-100000000009386877,HAS_NEIGHBORHOOD
-100000000000388103,-100000000009386880,HAS_NEIGHBORHOOD
-100000000000388103,-100000000009386879,HAS_NEIGHBORHOOD
-100000000000388103,-100000000009386878,HAS_NEIGHBORHOOD
-100000000000388599,-100000000009417925,HAS_NEIGHBORHOOD
-100000000000388599,-100000000008941154,HAS_NEIGHBORHOOD
-100000000000388599,-100000000009417924,HAS_NEIGHBORHOOD
-100000000000388599,-100000000009417926,HAS_NEIGHBORHOOD
-100000000000388599,-100000000009417927,HAS_NEIGHBORHOOD
-100000000000388599,-100000000009417932,HAS_NEIGHBORHOOD
-100000000000388599,-100000000009417933,HAS_NEIGHBORHOOD
-100000000000388599,-100000000009417935,HAS_NEIGHBORHOOD
-100000000000388599,-100000000009417931,HAS_NEIGHBORHOOD
-100000000000388599,-100000000009417929,HAS_NEIGHBORHOOD
-100000000000388599,-100000000009417934,HAS_NEIGHBORHOOD
-100000000000388599,-100000000009417930,HAS_NEIGHBORHOOD
-100000000000388599,-100000000009417928,HAS_NEIGHBORHOOD
-100000000000388599,-100000000009417923,HAS_NEIGHBORHOOD
-100000000000388127,-100000000009424449,HAS_NEIGHBORHOOD
-100000000000388127,-100000000009424452,HAS_NEIGHBORHOOD
-100000000000388127,-100000000009424450,HAS_NEIGHBORHOOD
-100000000000388127,-100000000009424448,HAS_NEIGHBORHOOD
-100000000000388127,-100000000009424446,HAS_NEIGHBORHOOD
-100000000000388127,-100000000009424447,HAS_NEIGHBORHOOD
-100000000000388127,-100000000009424454,HAS_NEIGHBORHOOD
-100000000000388127,-100000000009424453,HAS_NEIGHBORHOOD
-100000000000388127,-100000000009424451,HAS_NEIGHBORHOOD
-100000000000388127,-100000000009424444,HAS_NEIGHBORHOOD
-100000000000388127,-100000000009424445,HAS_NEIGHBORHOOD
-100000000000388127,-100000000009424438,HAS_NEIGHBORHOOD
-100000000000388127,-100000000009424439,HAS_NEIGHBORHOOD
-100000000000388127,-100000000009424442,HAS_NEIGHBORHOOD
-100000000000388127,-100000000009424443,HAS_NEIGHBORHOOD
-100000000000388127,-100000000009424440,HAS_NEIGHBORHOOD
-100000000000388127,-100000000009424441,HAS_NEIGHBORHOOD
-100000000000388127,-100000000009424437,HAS_NEIGHBORHOOD
-100000000010089740,-100000000010089738,HAS_NEIGHBORHOOD
-100000000010089740,-100000000010089739,HAS_NEIGHBORHOOD
-100000000010089740,-100000000010273881,HAS_NEIGHBORHOOD
-100000000010089740,-100000000010443595,HAS_NEIGHBORHOOD
-100000000010089740,-100000000010089737,HAS_NEIGHBORHOOD
-100000000010089740,-100000000010273880,HAS_NEIGHBORHOOD
-100000000010089740,-100000000010089736,HAS_NEIGHBORHOOD
-100000000010089740,-100000000010089735,HAS_NEIGHBORHOOD
-100000000010089740,-100000000010028560,HAS_NEIGHBORHOOD
-100000000010089740,-100000000010453111,HAS_NEIGHBORHOOD
-100000000010089740,-100000000010028433,HAS_NEIGHBORHOOD
-100000000010089740,-100000000010453110,HAS_NEIGHBORHOOD
-100000000000389334,-100000000010023116,HAS_NEIGHBORHOOD
-100000000000389334,-100000000010023117,HAS_NEIGHBORHOOD
-100000000000389334,-100000000010023604,HAS_NEIGHBORHOOD
-100000000000389334,-100000000010022618,HAS_NEIGHBORHOOD
-100000000000389334,-100000000010245981,HAS_NEIGHBORHOOD
-100000000000389334,-100000000010224907,HAS_NEIGHBORHOOD
-100000000000389334,-100000000010221317,HAS_NEIGHBORHOOD
-100000000000389334,-100000000010245547,HAS_NEIGHBORHOOD
-100000000000389334,-100000000010023546,HAS_NEIGHBORHOOD
-100000000000389334,-100000000010023494,HAS_NEIGHBORHOOD
-100000000000389334,-100000000010023695,HAS_NEIGHBORHOOD
-100000000000389334,-100000000010023777,HAS_NEIGHBORHOOD
-100000000000389334,-100000000010023862,HAS_NEIGHBORHOOD
-100000000000389659,-100000000010020961,HAS_NEIGHBORHOOD
-100000000000389659,-100000000010014350,HAS_NEIGHBORHOOD
-100000000000389659,-100000000010020932,HAS_NEIGHBORHOOD
-100000000000389659,-100000000010021038,HAS_NEIGHBORHOOD
-100000000000389659,-100000000010014524,HAS_NEIGHBORHOOD
-100000000000389659,-100000000010014522,HAS_NEIGHBORHOOD
-100000000000389659,-100000000010021011,HAS_NEIGHBORHOOD
-100000000000389659,-100000000010021010,HAS_NEIGHBORHOOD
-100000000000389659,-100000000010014589,HAS_NEIGHBORHOOD
-100000000000389659,-100000000010014523,HAS_NEIGHBORHOOD
-100000000000389659,-100000000010014351,HAS_NEIGHBORHOOD
-100000000000389659,-100000000010014621,HAS_NEIGHBORHOOD
-100000000000389659,-100000000010013409,HAS_NEIGHBORHOOD
-100000000000389694,-100000000009389393,HAS_NEIGHBORHOOD
-100000000000389694,-100000000009389406,HAS_NEIGHBORHOOD
-100000000000389694,-100000000009389395,HAS_NEIGHBORHOOD
-100000000000389694,-100000000009389405,HAS_NEIGHBORHOOD
-100000000000389694,-100000000009389407,HAS_NEIGHBORHOOD
-100000000000389694,-100000000009389402,HAS_NEIGHBORHOOD
-100000000000389694,-100000000009389403,HAS_NEIGHBORHOOD
-100000000000389694,-100000000009389391,HAS_NEIGHBORHOOD
-100000000000389694,-100000000009389400,HAS_NEIGHBORHOOD
-100000000000389694,-100000000009389399,HAS_NEIGHBORHOOD
-100000000000389694,-100000000009389392,HAS_NEIGHBORHOOD
-100000000000389694,-100000000009389394,HAS_NEIGHBORHOOD
-100000000000389694,-100000000009389389,HAS_NEIGHBORHOOD
-100000000000389694,-100000000009389398,HAS_NEIGHBORHOOD
-100000000000389694,-100000000009389401,HAS_NEIGHBORHOOD
-100000000000389694,-100000000009389388,HAS_NEIGHBORHOOD
-100000000000389694,-100000000009389404,HAS_NEIGHBORHOOD
-100000000000389694,-100000000009107733,HAS_NEIGHBORHOOD
-100000000000389694,-100000000009389397,HAS_NEIGHBORHOOD
-100000000000389694,-100000000009389396,HAS_NEIGHBORHOOD
-100000000000389694,-100000000009389390,HAS_NEIGHBORHOOD
-100000000000389614,-100000000010310552,HAS_NEIGHBORHOOD
-100000000000389614,-100000000010199988,HAS_NEIGHBORHOOD
-100000000000389614,-100000000010261800,HAS_NEIGHBORHOOD
-100000000000389614,-100000000010212299,HAS_NEIGHBORHOOD
-100000000000389536,-100000000008432852,HAS_NEIGHBORHOOD
-100000000000389536,-100000000008432851,HAS_NEIGHBORHOOD
-100000000000389536,-100000000008432855,HAS_NEIGHBORHOOD
-100000000000389536,-100000000008432844,HAS_NEIGHBORHOOD
-100000000000389536,-100000000008432845,HAS_NEIGHBORHOOD
-100000000000389536,-100000000008432843,HAS_NEIGHBORHOOD
-100000000000389536,-100000000008432846,HAS_NEIGHBORHOOD
-100000000000389536,-100000000008432847,HAS_NEIGHBORHOOD
-100000000000389536,-100000000008432840,HAS_NEIGHBORHOOD
-100000000000389536,-100000000008432849,HAS_NEIGHBORHOOD
-100000000000389536,-100000000008432848,HAS_NEIGHBORHOOD
-100000000000389536,-100000000008432841,HAS_NEIGHBORHOOD
-100000000000389536,-100000000008432850,HAS_NEIGHBORHOOD
-100000000000389536,-100000000008432842,HAS_NEIGHBORHOOD
-100000000000389536,-100000000008432853,HAS_NEIGHBORHOOD
-100000000000389536,-100000000008432856,HAS_NEIGHBORHOOD
-100000000000389536,-100000000008432854,HAS_NEIGHBORHOOD
-100000000005399774,-100000000005392572,HAS_NEIGHBORHOOD
-100000000005399774,-100000000005392567,HAS_NEIGHBORHOOD
-100000000005399774,-100000000005392571,HAS_NEIGHBORHOOD
-100000000005399774,-100000000005392569,HAS_NEIGHBORHOOD
-100000000005399774,-100000000005399825,HAS_NEIGHBORHOOD
-100000000005399774,-100000000005399818,HAS_NEIGHBORHOOD
-100000000005399774,-100000000005392568,HAS_NEIGHBORHOOD
-100000000005399774,-100000000005392570,HAS_NEIGHBORHOOD
-100000000005399777,-100000000005400763,HAS_NEIGHBORHOOD
-100000000005399777,-100000000005850852,HAS_NEIGHBORHOOD
-100000000005399777,-100000000005761517,HAS_NEIGHBORHOOD
-100000000005399777,-100000000005761518,HAS_NEIGHBORHOOD
-100000000005399777,-100000000005388072,HAS_NEIGHBORHOOD
-100000000005399777,-100000000005387898,HAS_NEIGHBORHOOD
-100000000005399777,-100000000005387897,HAS_NEIGHBORHOOD
-100000000005399777,-100000000005400764,HAS_NEIGHBORHOOD
-100000000005399777,-100000000005388069,HAS_NEIGHBORHOOD
-100000000005399777,-100000000005400765,HAS_NEIGHBORHOOD
-100000000005399777,-100000000005820757,HAS_NEIGHBORHOOD
-100000000005399775,-100000000005400834,HAS_NEIGHBORHOOD
-100000000005399775,-100000000005400832,HAS_NEIGHBORHOOD
-100000000005388138,-100000000005825683,HAS_NEIGHBORHOOD
-100000000005388138,-100000000005388070,HAS_NEIGHBORHOOD
-100000000005388138,-100000000005825684,HAS_NEIGHBORHOOD
-100000000005388138,-100000000005388071,HAS_NEIGHBORHOOD
-100000000005388138,-100000000005400830,HAS_NEIGHBORHOOD
-100000000005388138,-100000000003586405,HAS_NEIGHBORHOOD
-100000000005388138,-100000000005399817,HAS_NEIGHBORHOOD
-100000000005388138,-100000000005399841,HAS_NEIGHBORHOOD
-100000000005388138,-100000000005399840,HAS_NEIGHBORHOOD
-100000000005387970,-100000000005388019,HAS_NEIGHBORHOOD
-100000000005387970,-100000000005387974,HAS_NEIGHBORHOOD
-100000000005387970,-100000000005387971,HAS_NEIGHBORHOOD
-100000000005387970,-100000000005387975,HAS_NEIGHBORHOOD
-100000000005387970,-100000000005387972,HAS_NEIGHBORHOOD
-100000000005387970,-100000000005399819,HAS_NEIGHBORHOOD
-100000000005387970,-100000000005387973,HAS_NEIGHBORHOOD
-100000000005387831,-100000000005387804,HAS_NEIGHBORHOOD
-100000000005387831,-100000000005387806,HAS_NEIGHBORHOOD
-100000000005387831,-100000000005387805,HAS_NEIGHBORHOOD
-100000000005399776,-100000000005400829,HAS_NEIGHBORHOOD
-100000000005399776,-100000000005399824,HAS_NEIGHBORHOOD
-100000000005399776,-100000000005399822,HAS_NEIGHBORHOOD
-100000000005399776,-100000000005399823,HAS_NEIGHBORHOOD
-100000000005399776,-100000000005400833,HAS_NEIGHBORHOOD
-100000000005399776,-100000000005411466,HAS_NEIGHBORHOOD
-100000000005399776,-100000000005411287,HAS_NEIGHBORHOOD
-100000000005399776,-100000000005399821,HAS_NEIGHBORHOOD
-100000000005399776,-100000000005399826,HAS_NEIGHBORHOOD
-100000000006035293,-100000000002650257,HAS_NEIGHBORHOOD
-100000000009592317,-100000000009592420,HAS_NEIGHBORHOOD
-100000000009592317,-100000000009592421,HAS_NEIGHBORHOOD
-100000000009592317,-100000000009592422,HAS_NEIGHBORHOOD
-100000000009592317,-100000000012762190,HAS_NEIGHBORHOOD
-100000000009592317,-100000000009592419,HAS_NEIGHBORHOOD
-100000000009592317,-100000000009592423,HAS_NEIGHBORHOOD
-100000000009592317,-100000000012762191,HAS_NEIGHBORHOOD
-100000000009592316,-100000000012761357,HAS_NEIGHBORHOOD
-100000000009592316,-100000000012761500,HAS_NEIGHBORHOOD
-100000000009592316,-100000000012761356,HAS_NEIGHBORHOOD
-100000000009592316,-100000000012761062,HAS_NEIGHBORHOOD
-100000000009592316,-100000000012761188,HAS_NEIGHBORHOOD
-100000000009592316,-100000000012761189,HAS_NEIGHBORHOOD
-100000000009592316,-100000000012761061,HAS_NEIGHBORHOOD
-100000000009592316,-100000000012761267,HAS_NEIGHBORHOOD
-100000000009592316,-100000000012761900,HAS_NEIGHBORHOOD
-100000000009592316,-100000000012761901,HAS_NEIGHBORHOOD
-100000000009592316,-100000000012761899,HAS_NEIGHBORHOOD
-100000000009992538,-100000000009998675,HAS_NEIGHBORHOOD
-100000000009992538,-100000000009998674,HAS_NEIGHBORHOOD
-100000000009992538,-100000000009998809,HAS_NEIGHBORHOOD
-100000000009992538,-100000000009998807,HAS_NEIGHBORHOOD
-100000000009992538,-100000000009998806,HAS_NEIGHBORHOOD
-100000000009992538,-100000000009998808,HAS_NEIGHBORHOOD
-100000000009992538,-100000000009998676,HAS_NEIGHBORHOOD
-100000000009992537,-100000000009999563,HAS_NEIGHBORHOOD
-100000000009992537,-100000000009999562,HAS_NEIGHBORHOOD
-100000000009992537,-100000000009999560,HAS_NEIGHBORHOOD
-100000000009992537,-100000000009999559,HAS_NEIGHBORHOOD
-100000000009992536,-100000000009999170,HAS_NEIGHBORHOOD
-100000000009992536,-100000000009999567,HAS_NEIGHBORHOOD
-100000000009992536,-100000000009999566,HAS_NEIGHBORHOOD
-100000000009992536,-100000000009999169,HAS_NEIGHBORHOOD
-100000000014358700,-100000000014364561,HAS_NEIGHBORHOOD
-100000000014358700,-100000000014364357,HAS_NEIGHBORHOOD
-100000000014364561,-100000000014364023,HAS_LOCALITY
-100000000014364561,-100000000014364023,HAS_LOCALITY
-100000000014580249,-100000000016345604,HAS_LOCALITY
-100000000014580249,-100000000016345602,HAS_LOCALITY
-100000000014580249,-100000000016345603,HAS_LOCALITY
-100000000014580249,-100000000016719414,HAS_LOCALITY
-100000000014580249,-100000000016719413,HAS_LOCALITY
-100000000014580249,-100000000016719412,HAS_LOCALITY
-100000000014580249,-100000000016346055,HAS_LOCALITY
-100000000014580249,-100000000016346051,HAS_LOCALITY
-100000000014580249,-100000000016346052,HAS_LOCALITY
-100000000014580249,-100000000016346053,HAS_LOCALITY
-100000000014580249,-100000000016346162,HAS_LOCALITY
-100000000014580249,-100000000016346163,HAS_LOCALITY
-100000000014580249,-100000000016345606,HAS_LOCALITY
-100000000014580249,-100000000016345607,HAS_LOCALITY
-100000000014580249,-100000000016345605,HAS_LOCALITY
-100000000014580249,-100000000016346165,HAS_LOCALITY
-100000000014580249,-100000000016346164,HAS_LOCALITY
-100000000014580249,-100000000016346166,HAS_LOCALITY
-100000000014580249,-100000000016346054,HAS_LOCALITY
-100000000014580249,-100000000016345703,HAS_LOCALITY
-100000000014580249,-100000000016345705,HAS_LOCALITY
-100000000014580249,-100000000016345706,HAS_LOCALITY
-100000000014580249,-100000000016345704,HAS_LOCALITY
-100000000014573580,-100000000016250475,HAS_LOCALITY
-100000000014573580,-100000000016251484,HAS_LOCALITY
-100000000014573580,-100000000016251482,HAS_LOCALITY
-100000000014573580,-100000000016251483,HAS_LOCALITY
-100000000014573580,-100000000016251487,HAS_LOCALITY
-100000000014573580,-100000000016251486,HAS_LOCALITY
-100000000014573580,-100000000016251226,HAS_LOCALITY
-100000000014573580,-100000000016251224,HAS_LOCALITY
-100000000014573580,-100000000016250348,HAS_LOCALITY
-100000000014573580,-100000000016251481,HAS_LOCALITY
-100000000014573580,-100000000016251479,HAS_LOCALITY
-100000000014573580,-100000000016250353,HAS_LOCALITY
-100000000014573580,-100000000016250349,HAS_LOCALITY
-100000000014573580,-100000000016250350,HAS_LOCALITY
-100000000014573580,-100000000016250354,HAS_LOCALITY
-100000000014573580,-100000000016250351,HAS_LOCALITY
-100000000014573580,-100000000016250347,HAS_LOCALITY
-100000000014573580,-100000000016250404,HAS_LOCALITY
-100000000014573580,-100000000016250402,HAS_LOCALITY
-100000000014573580,-100000000016250403,HAS_LOCALITY
-100000000014573580,-100000000016250346,HAS_LOCALITY
-100000000014573580,-100000000016251225,HAS_LOCALITY
-100000000014573580,-100000000016251480,HAS_LOCALITY
-100000000014563430,-100000000016250345,HAS_LOCALITY
-100000000014300755,-100000000014304449,HAS_LOCALITY
-100000000014300755,-100000000014307097,HAS_LOCALITY
-100000000014300755,-100000000014307096,HAS_LOCALITY
-100000000014300755,-100000000014304448,HAS_LOCALITY
-100000000014300755,-100000000014304446,HAS_LOCALITY
-100000000014300755,-100000000014304447,HAS_LOCALITY
-100000000014300755,-100000000014304450,HAS_LOCALITY
-100000000014300755,-100000000014300521,HAS_LOCALITY
-100000000014300755,-100000000014300522,HAS_LOCALITY
-100000000014288194,-100000000014285984,HAS_LOCALITY
-100000000014288194,-100000000014285986,HAS_LOCALITY
-100000000014288194,-100000000014285985,HAS_LOCALITY
-100000000014288194,-100000000014285988,HAS_LOCALITY
-100000000014288194,-100000000014285987,HAS_LOCALITY
-100000000014288194,-100000000014285989,HAS_LOCALITY
-100000000014288194,-100000000014285990,HAS_LOCALITY
-100000000014288194,-100000000014285991,HAS_LOCALITY
-100000000014288194,-100000000014288151,HAS_LOCALITY
-100000000014288194,-100000000014285983,HAS_LOCALITY
-100000000014312791,-100000000014320843,HAS_LOCALITY
-100000000014312791,-100000000014320841,HAS_LOCALITY
-100000000014312791,-100000000014320844,HAS_LOCALITY
-100000000014312791,-100000000014320837,HAS_LOCALITY
-100000000014312791,-100000000014320845,HAS_LOCALITY
-100000000014312791,-100000000014320838,HAS_LOCALITY
-100000000014312791,-100000000014320839,HAS_LOCALITY
-100000000014312791,-100000000014320840,HAS_LOCALITY
-100000000014312791,-100000000014320846,HAS_LOCALITY
-100000000014312791,-100000000014320842,HAS_LOCALITY
-100000000014331568,-100000000014331279,HAS_LOCALITY
-100000000014331568,-100000000014331280,HAS_LOCALITY
-100000000014331568,-100000000014331281,HAS_LOCALITY
-100000000014331568,-100000000014331278,HAS_LOCALITY
-100000000014331568,-100000000014331282,HAS_LOCALITY
-100000000014331568,-100000000014331276,HAS_LOCALITY
-100000000014331568,-100000000014331277,HAS_LOCALITY
-100000000010997458,-100000000012687032,HAS_LOCALITY
-100000000010997458,-100000000012687164,HAS_LOCALITY
-100000000010997458,-100000000012687267,HAS_LOCALITY
-100000000010997458,-100000000012687313,HAS_LOCALITY
-100000000010997458,-100000000012687339,HAS_LOCALITY
-100000000009463063,-100000000009463067,HAS_LOCALITY
-100000000009463063,-100000000009463066,HAS_LOCALITY
-100000000009463063,-100000000009463065,HAS_LOCALITY
-100000000008941154,-100000000008941152,HAS_LOCALITY
-100000000008941154,-100000000008941155,HAS_LOCALITY
-100000000008941154,-100000000009102288,HAS_LOCALITY
-100000000008941154,-100000000009102263,HAS_LOCALITY
-100000000008941154,-100000000008941153,HAS_LOCALITY
-100000000010221317,-100000000010224908,HAS_LOCALITY
-100000000010221317,-100000000010224909,HAS_LOCALITY
-100000000010221317,-100000000010221321,HAS_LOCALITY
-100000000005392572,-100000000005845932,HAS_LOCALITY
-100000000005392572,-100000000005845938,HAS_LOCALITY
-100000000005392572,-100000000005845935,HAS_LOCALITY
-100000000005392572,-100000000005845926,HAS_LOCALITY
-100000000005392572,-100000000005845927,HAS_LOCALITY
-100000000005392572,-100000000005845936,HAS_LOCALITY
-100000000005392572,-100000000005845928,HAS_LOCALITY
-100000000005392572,-100000000005845931,HAS_LOCALITY
-100000000005392572,-100000000005845934,HAS_LOCALITY
-100000000005392572,-100000000005845933,HAS_LOCALITY
-100000000005392572,-100000000005845930,HAS_LOCALITY
-100000000005392572,-100000000005845937,HAS_LOCALITY
-100000000005392572,-100000000005845939,HAS_LOCALITY
-100000000005392572,-100000000005845929,HAS_LOCALITY
-100000000005392567,-100000000005838604,HAS_LOCALITY
-100000000005392567,-100000000005850775,HAS_LOCALITY
-100000000005392567,-100000000005838605,HAS_LOCALITY
-100000000005392567,-100000000005838607,HAS_LOCALITY
-100000000005392567,-100000000005838606,HAS_LOCALITY
-100000000005392567,-100000000005838602,HAS_LOCALITY
-100000000005392567,-100000000005838603,HAS_LOCALITY
-100000000005392567,-100000000005838608,HAS_LOCALITY
-100000000005392567,-100000000005838601,HAS_LOCALITY
-100000000005392571,-100000000005837261,HAS_LOCALITY
-100000000005392571,-100000000005837263,HAS_LOCALITY
-100000000005392571,-100000000005837269,HAS_LOCALITY
-100000000005392571,-100000000005837268,HAS_LOCALITY
-100000000005392571,-100000000005837260,HAS_LOCALITY
-100000000005392571,-100000000005837270,HAS_LOCALITY
-100000000005392571,-100000000005837262,HAS_LOCALITY
-100000000005392571,-100000000005837264,HAS_LOCALITY
-100000000005392571,-100000000005837265,HAS_LOCALITY
-100000000005392571,-100000000005837267,HAS_LOCALITY
-100000000005392571,-100000000005837266,HAS_LOCALITY
-100000000005392571,-100000000005837271,HAS_LOCALITY
-100000000005392569,-100000000005837865,HAS_LOCALITY
-100000000005392569,-100000000005837870,HAS_LOCALITY
-100000000005392569,-100000000005837872,HAS_LOCALITY
-100000000005392569,-100000000005837864,HAS_LOCALITY
-100000000005392569,-100000000005837868,HAS_LOCALITY
-100000000005392569,-100000000005837867,HAS_LOCALITY
-100000000005392569,-100000000005837871,HAS_LOCALITY
-100000000005392569,-100000000005837866,HAS_LOCALITY
-100000000005392569,-100000000005837863,HAS_LOCALITY
-100000000005392569,-100000000005837869,HAS_LOCALITY
-100000000005392569,-100000000005837862,HAS_LOCALITY
-100000000005399825,-100000000005752211,HAS_LOCALITY
-100000000005399825,-100000000005752212,HAS_LOCALITY
-100000000005399825,-100000000005843496,HAS_LOCALITY
-100000000005399825,-100000000005752217,HAS_LOCALITY
-100000000005399825,-100000000005752203,HAS_LOCALITY
-100000000005399825,-100000000005752198,HAS_LOCALITY
-100000000005399825,-100000000005752215,HAS_LOCALITY
-100000000005399825,-100000000005752207,HAS_LOCALITY
-100000000005399825,-100000000005752210,HAS_LOCALITY
-100000000005399825,-100000000005752204,HAS_LOCALITY
-100000000005399825,-100000000005753624,HAS_LOCALITY
-100000000005399825,-100000000005752202,HAS_LOCALITY
-100000000005399825,-100000000005843495,HAS_LOCALITY
-100000000005399825,-100000000005752213,HAS_LOCALITY
-100000000005399825,-100000000005752200,HAS_LOCALITY
-100000000005399825,-100000000005752216,HAS_LOCALITY
-100000000005399825,-100000000005752205,HAS_LOCALITY
-100000000005399825,-100000000005753625,HAS_LOCALITY
-100000000005399825,-100000000005753626,HAS_LOCALITY
-100000000005399825,-100000000005752214,HAS_LOCALITY
-100000000005399825,-100000000005752208,HAS_LOCALITY
-100000000005399825,-100000000005752201,HAS_LOCALITY
-100000000005399818,-100000000005807414,HAS_LOCALITY
-100000000005399818,-100000000005807412,HAS_LOCALITY
-100000000005399818,-100000000005836572,HAS_LOCALITY
-100000000005399818,-100000000005836569,HAS_LOCALITY
-100000000005399818,-100000000005836573,HAS_LOCALITY
-100000000005399818,-100000000005807408,HAS_LOCALITY
-100000000005399818,-100000000005836563,HAS_LOCALITY
-100000000005399818,-100000000005836565,HAS_LOCALITY
-100000000005399818,-100000000005836568,HAS_LOCALITY
-100000000005399818,-100000000005836567,HAS_LOCALITY
-100000000005399818,-100000000005836571,HAS_LOCALITY
-100000000005399818,-100000000005807409,HAS_LOCALITY
-100000000005399818,-100000000005836564,HAS_LOCALITY
-100000000005399818,-100000000005836566,HAS_LOCALITY
-100000000005399818,-100000000005807411,HAS_LOCALITY
-100000000005399818,-100000000005807413,HAS_LOCALITY
-100000000005399818,-100000000005807410,HAS_LOCALITY
-100000000005392568,-100000000005807324,HAS_LOCALITY
-100000000005392568,-100000000005807323,HAS_LOCALITY
-100000000005392568,-100000000005807325,HAS_LOCALITY
-100000000005392568,-100000000005807326,HAS_LOCALITY
-100000000005392568,-100000000005807320,HAS_LOCALITY
-100000000005392568,-100000000005807319,HAS_LOCALITY
-100000000005392568,-100000000005807322,HAS_LOCALITY
-100000000005392568,-100000000005807321,HAS_LOCALITY
-100000000005392570,-100000000005508333,HAS_LOCALITY
-100000000005392570,-100000000005838211,HAS_LOCALITY
-100000000005392570,-100000000005838210,HAS_LOCALITY
-100000000005392570,-100000000005508367,HAS_LOCALITY
-100000000005392570,-100000000005508358,HAS_LOCALITY
-100000000005392570,-100000000005759447,HAS_LOCALITY
-100000000005392570,-100000000005838212,HAS_LOCALITY
-100000000005392570,-100000000005759448,HAS_LOCALITY
-100000000005392570,-100000000005838209,HAS_LOCALITY
-100000000005392570,-100000000005759446,HAS_LOCALITY
-100000000005392570,-100000000005838207,HAS_LOCALITY
-100000000005392570,-100000000005838208,HAS_LOCALITY
-100000000005392570,-100000000005759445,HAS_LOCALITY
-100000000005400763,-100000000005837340,HAS_LOCALITY
-100000000005400763,-100000000005837339,HAS_LOCALITY
-100000000005400763,-100000000005837336,HAS_LOCALITY
-100000000005400763,-100000000005837335,HAS_LOCALITY
-100000000005400763,-100000000005837337,HAS_LOCALITY
-100000000005400763,-100000000005837341,HAS_LOCALITY
-100000000005400763,-100000000005837338,HAS_LOCALITY
-100000000005850852,-100000000005843077,HAS_LOCALITY
-100000000005850852,-100000000005843078,HAS_LOCALITY
-100000000005761517,-100000000005836761,HAS_LOCALITY
-100000000005761517,-100000000005726544,HAS_LOCALITY
-100000000005761517,-100000000005726543,HAS_LOCALITY
-100000000005761517,-100000000005508446,HAS_LOCALITY
-100000000005761517,-100000000005836762,HAS_LOCALITY
-100000000005761517,-100000000005508447,HAS_LOCALITY
-100000000005761518,-100000000005761520,HAS_LOCALITY
-100000000005761518,-100000000005761519,HAS_LOCALITY
-100000000005761518,-100000000005761523,HAS_LOCALITY
-100000000005761518,-100000000005761524,HAS_LOCALITY
-100000000005761518,-100000000005761522,HAS_LOCALITY
-100000000005761518,-100000000005761521,HAS_LOCALITY
-100000000005388072,-100000000005727241,HAS_LOCALITY
-100000000005388072,-100000000005727238,HAS_LOCALITY
-100000000005388072,-100000000005727240,HAS_LOCALITY
-100000000005388072,-100000000005727239,HAS_LOCALITY
-100000000005388072,-100000000005837888,HAS_LOCALITY
-100000000005387898,-100000000005762178,HAS_LOCALITY
-100000000005387898,-100000000005762180,HAS_LOCALITY
-100000000005387898,-100000000005762177,HAS_LOCALITY
-100000000005387898,-100000000005762179,HAS_LOCALITY
-100000000005387897,-100000000005508388,HAS_LOCALITY
-100000000005387897,-100000000005508389,HAS_LOCALITY
-100000000005387897,-100000000005508378,HAS_LOCALITY
-100000000005400764,-100000000005833405,HAS_LOCALITY
-100000000005400764,-100000000005833406,HAS_LOCALITY
-100000000005400764,-100000000005833402,HAS_LOCALITY
-100000000005400764,-100000000005833403,HAS_LOCALITY
-100000000005400764,-100000000005833404,HAS_LOCALITY
-100000000005388069,-100000000005762155,HAS_LOCALITY
-100000000005388069,-100000000005762156,HAS_LOCALITY
-100000000005388069,-100000000005762152,HAS_LOCALITY
-100000000005388069,-100000000005762153,HAS_LOCALITY
-100000000005388069,-100000000005762154,HAS_LOCALITY
-100000000005400765,-100000000005804107,HAS_LOCALITY
-100000000005400765,-100000000005837042,HAS_LOCALITY
-100000000005400765,-100000000005804111,HAS_LOCALITY
-100000000005400765,-100000000005804100,HAS_LOCALITY
-100000000005400765,-100000000005804101,HAS_LOCALITY
-100000000005400765,-100000000005804105,HAS_LOCALITY
-100000000005400765,-100000000005804102,HAS_LOCALITY
-100000000005400765,-100000000005804109,HAS_LOCALITY
-100000000005400765,-100000000005804106,HAS_LOCALITY
-100000000005400765,-100000000005804110,HAS_LOCALITY
-100000000005400765,-100000000005804099,HAS_LOCALITY
-100000000005400765,-100000000005804108,HAS_LOCALITY
-100000000005400765,-100000000005804103,HAS_LOCALITY
-100000000005400765,-100000000005804104,HAS_LOCALITY
-100000000005400765,-100000000005837043,HAS_LOCALITY
-100000000005820757,-100000000005825675,HAS_LOCALITY
-100000000005820757,-100000000005825674,HAS_LOCALITY
-100000000005820757,-100000000005837114,HAS_LOCALITY
-100000000005820757,-100000000005837115,HAS_LOCALITY
-100000000005820757,-100000000005825676,HAS_LOCALITY
-100000000005400834,-100000000005503023,HAS_LOCALITY
-100000000005400834,-100000000005503024,HAS_LOCALITY
-100000000005400834,-100000000005503021,HAS_LOCALITY
-100000000005400834,-100000000005503022,HAS_LOCALITY
-100000000005400832,-100000000005502513,HAS_LOCALITY
-100000000005400832,-100000000005502512,HAS_LOCALITY
-100000000005400832,-100000000005502514,HAS_LOCALITY
-100000000005400832,-100000000005502515,HAS_LOCALITY
-100000000005825683,-100000000005805833,HAS_LOCALITY
-100000000005825683,-100000000005805820,HAS_LOCALITY
-100000000005825683,-100000000005805827,HAS_LOCALITY
-100000000005825683,-100000000005805818,HAS_LOCALITY
-100000000005825683,-100000000005805816,HAS_LOCALITY
-100000000005825683,-100000000005805817,HAS_LOCALITY
-100000000005388070,-100000000005411694,HAS_LOCALITY
-100000000005388070,-100000000005411696,HAS_LOCALITY
-100000000005388070,-100000000005411693,HAS_LOCALITY
-100000000005388070,-100000000005411695,HAS_LOCALITY
-100000000005825684,-100000000005805814,HAS_LOCALITY
-100000000005825684,-100000000005805830,HAS_LOCALITY
-100000000005825684,-100000000005805834,HAS_LOCALITY
-100000000005825684,-100000000005805813,HAS_LOCALITY
-100000000005825684,-100000000005805815,HAS_LOCALITY
-100000000005825684,-100000000005805832,HAS_LOCALITY
-100000000005388071,-100000000005726594,HAS_LOCALITY
-100000000005388071,-100000000005726592,HAS_LOCALITY
-100000000005388071,-100000000005726593,HAS_LOCALITY
-100000000005388071,-100000000005837948,HAS_LOCALITY
-100000000005400830,-100000000005838030,HAS_LOCALITY
-100000000005400830,-100000000005805826,HAS_LOCALITY
-100000000005400830,-100000000005805821,HAS_LOCALITY
-100000000005400830,-100000000005805822,HAS_LOCALITY
-100000000005400830,-100000000005838029,HAS_LOCALITY
-100000000005400830,-100000000005838079,HAS_LOCALITY
-100000000005400830,-100000000005805828,HAS_LOCALITY
-100000000005400830,-100000000005805823,HAS_LOCALITY
-100000000005400830,-100000000005805825,HAS_LOCALITY
-100000000005400830,-100000000005805824,HAS_LOCALITY
-100000000003586405,-100000000005843036,HAS_LOCALITY
-100000000003586405,-100000000005843035,HAS_LOCALITY
-100000000003586405,-100000000005843039,HAS_LOCALITY
-100000000003586405,-100000000005843038,HAS_LOCALITY
-100000000003586405,-100000000005843037,HAS_LOCALITY
-100000000003586405,-100000000005843034,HAS_LOCALITY
-100000000005399817,-100000000005508373,HAS_LOCALITY
-100000000005399817,-100000000005508345,HAS_LOCALITY
-100000000005399817,-100000000005806945,HAS_LOCALITY
-100000000005399817,-100000000005806946,HAS_LOCALITY
-100000000005399817,-100000000005806948,HAS_LOCALITY
-100000000005399817,-100000000005806947,HAS_LOCALITY
-100000000005399841,-100000000005804791,HAS_LOCALITY
-100000000005399841,-100000000005804787,HAS_LOCALITY
-100000000005399841,-100000000005804788,HAS_LOCALITY
-100000000005399841,-100000000005804790,HAS_LOCALITY
-100000000005399841,-100000000005804785,HAS_LOCALITY
-100000000005399841,-100000000005804786,HAS_LOCALITY
-100000000005399841,-100000000005804789,HAS_LOCALITY
-100000000005399840,-100000000005502454,HAS_LOCALITY
-100000000005399840,-100000000005502449,HAS_LOCALITY
-100000000005399840,-100000000005502448,HAS_LOCALITY
-100000000005399840,-100000000005502450,HAS_LOCALITY
-100000000005399840,-100000000005502453,HAS_LOCALITY
-100000000005399840,-100000000005502446,HAS_LOCALITY
-100000000005399840,-100000000005502452,HAS_LOCALITY
-100000000005399840,-100000000005502447,HAS_LOCALITY
-100000000005399840,-100000000005502451,HAS_LOCALITY
-100000000005388019,-100000000005807505,HAS_LOCALITY
-100000000005388019,-100000000005807510,HAS_LOCALITY
-100000000005388019,-100000000005807506,HAS_LOCALITY
-100000000005388019,-100000000005807508,HAS_LOCALITY
-100000000005388019,-100000000005807507,HAS_LOCALITY
-100000000005388019,-100000000005807504,HAS_LOCALITY
-100000000005388019,-100000000005807511,HAS_LOCALITY
-100000000005388019,-100000000005807509,HAS_LOCALITY
-100000000005387974,-100000000005810641,HAS_LOCALITY
-100000000005387974,-100000000005810638,HAS_LOCALITY
-100000000005387974,-100000000005810643,HAS_LOCALITY
-100000000005387974,-100000000005810640,HAS_LOCALITY
-100000000005387974,-100000000005810642,HAS_LOCALITY
-100000000005387974,-100000000005810639,HAS_LOCALITY
-100000000005387974,-100000000005810637,HAS_LOCALITY
-100000000005387971,-100000000005725074,HAS_LOCALITY
-100000000005387971,-100000000005725073,HAS_LOCALITY
-100000000005387971,-100000000005806992,HAS_LOCALITY
-100000000005387971,-100000000005806995,HAS_LOCALITY
-100000000005387971,-100000000005806993,HAS_LOCALITY
-100000000005387971,-100000000005836590,HAS_LOCALITY
-100000000005387975,-100000000005843106,HAS_LOCALITY
-100000000005387975,-100000000005843105,HAS_LOCALITY
-100000000005387975,-100000000005843108,HAS_LOCALITY
-100000000005387975,-100000000005843104,HAS_LOCALITY
-100000000005387975,-100000000005843107,HAS_LOCALITY
-100000000005387972,-100000000005834201,HAS_LOCALITY
-100000000005387972,-100000000005834200,HAS_LOCALITY
-100000000005387972,-100000000005834203,HAS_LOCALITY
-100000000005387972,-100000000005834204,HAS_LOCALITY
-100000000005387972,-100000000005834206,HAS_LOCALITY
-100000000005387972,-100000000005834207,HAS_LOCALITY
-100000000005387972,-100000000005834208,HAS_LOCALITY
-100000000005387972,-100000000005834211,HAS_LOCALITY
-100000000005387972,-100000000005834212,HAS_LOCALITY
-100000000005387972,-100000000005834205,HAS_LOCALITY
-100000000005387972,-100000000005834209,HAS_LOCALITY
-100000000005387972,-100000000005834202,HAS_LOCALITY
-100000000005387972,-100000000005834210,HAS_LOCALITY
-100000000005399819,-100000000005501805,HAS_LOCALITY
-100000000005399819,-100000000005501801,HAS_LOCALITY
-100000000005399819,-100000000005501802,HAS_LOCALITY
-100000000005399819,-100000000005501803,HAS_LOCALITY
-100000000005399819,-100000000005501800,HAS_LOCALITY
-100000000005399819,-100000000005501804,HAS_LOCALITY
-100000000005387973,-100000000005834387,HAS_LOCALITY
-100000000005387973,-100000000005834384,HAS_LOCALITY
-100000000005387973,-100000000005834385,HAS_LOCALITY
-100000000005387973,-100000000005834383,HAS_LOCALITY
-100000000005387973,-100000000005805819,HAS_LOCALITY
-100000000005387973,-100000000005834382,HAS_LOCALITY
-100000000005387973,-100000000005834386,HAS_LOCALITY
-100000000005387804,-100000000005502945,HAS_LOCALITY
-100000000005387804,-100000000005502950,HAS_LOCALITY
-100000000005387804,-100000000005502947,HAS_LOCALITY
-100000000005387804,-100000000005502946,HAS_LOCALITY
-100000000005387804,-100000000005502949,HAS_LOCALITY
-100000000005387804,-100000000005502948,HAS_LOCALITY
-100000000005387806,-100000000005502971,HAS_LOCALITY
-100000000005387806,-100000000005502974,HAS_LOCALITY
-100000000005387806,-100000000005502970,HAS_LOCALITY
-100000000005387806,-100000000005502969,HAS_LOCALITY
-100000000005387806,-100000000005502973,HAS_LOCALITY
-100000000005387806,-100000000005502972,HAS_LOCALITY
-100000000005387805,-100000000005502990,HAS_LOCALITY
-100000000005387805,-100000000005502994,HAS_LOCALITY
-100000000005387805,-100000000005502989,HAS_LOCALITY
-100000000005387805,-100000000005502995,HAS_LOCALITY
-100000000005387805,-100000000005502992,HAS_LOCALITY
-100000000005387805,-100000000005502993,HAS_LOCALITY
-100000000005400829,-100000000005503540,HAS_LOCALITY
-100000000005400829,-100000000005503544,HAS_LOCALITY
-100000000005400829,-100000000005503547,HAS_LOCALITY
-100000000005400829,-100000000005503548,HAS_LOCALITY
-100000000005400829,-100000000005503546,HAS_LOCALITY
-100000000005400829,-100000000005503545,HAS_LOCALITY
-100000000005400829,-100000000005503541,HAS_LOCALITY
-100000000005400829,-100000000005503543,HAS_LOCALITY
-100000000005400829,-100000000005503542,HAS_LOCALITY
-100000000005399824,-100000000005478265,HAS_LOCALITY
-100000000005399824,-100000000005478234,HAS_LOCALITY
-100000000005399824,-100000000005478143,HAS_LOCALITY
-100000000005399824,-100000000005478137,HAS_LOCALITY
-100000000005399824,-100000000005478149,HAS_LOCALITY
-100000000005399824,-100000000005478108,HAS_LOCALITY
-100000000005399824,-100000000005478121,HAS_LOCALITY
-100000000005399824,-100000000005478130,HAS_LOCALITY
-100000000005399822,-100000000005748672,HAS_LOCALITY
-100000000005399822,-100000000005748670,HAS_LOCALITY
-100000000005399822,-100000000005748673,HAS_LOCALITY
-100000000005399822,-100000000005748669,HAS_LOCALITY
-100000000005399822,-100000000005748671,HAS_LOCALITY
-100000000005399822,-100000000005748668,HAS_LOCALITY
-100000000005399822,-100000000005748674,HAS_LOCALITY
-100000000005399822,-100000000005748667,HAS_LOCALITY
-100000000005399823,-100000000005457508,HAS_LOCALITY
-100000000005399823,-100000000005457503,HAS_LOCALITY
-100000000005399823,-100000000005457501,HAS_LOCALITY
-100000000005399823,-100000000005457507,HAS_LOCALITY
-100000000005399823,-100000000005457505,HAS_LOCALITY
-100000000005399823,-100000000005457504,HAS_LOCALITY
-100000000005399823,-100000000005457509,HAS_LOCALITY
-100000000005399823,-100000000005457502,HAS_LOCALITY
-100000000005399823,-100000000005457506,HAS_LOCALITY
-100000000005400833,-100000000005834061,HAS_LOCALITY
-100000000005400833,-100000000005834059,HAS_LOCALITY
-100000000005400833,-100000000005834067,HAS_LOCALITY
-100000000005400833,-100000000005834062,HAS_LOCALITY
-100000000005400833,-100000000005834058,HAS_LOCALITY
-100000000005400833,-100000000005834068,HAS_LOCALITY
-100000000005400833,-100000000005834071,HAS_LOCALITY
-100000000005400833,-100000000005834069,HAS_LOCALITY
-100000000005400833,-100000000005834070,HAS_LOCALITY
-100000000005400833,-100000000005834066,HAS_LOCALITY
-100000000005400833,-100000000005834065,HAS_LOCALITY
-100000000005400833,-100000000005834063,HAS_LOCALITY
-100000000005400833,-100000000005834064,HAS_LOCALITY
-100000000005400833,-100000000005834072,HAS_LOCALITY
-100000000005400833,-100000000005834060,HAS_LOCALITY
-100000000005411466,-100000000005411494,HAS_LOCALITY
-100000000005411466,-100000000005411482,HAS_LOCALITY
-100000000005411466,-100000000005411485,HAS_LOCALITY
-100000000005411466,-100000000005411492,HAS_LOCALITY
-100000000005411466,-100000000005411488,HAS_LOCALITY
-100000000005411466,-100000000005411491,HAS_LOCALITY
-100000000005411466,-100000000005411481,HAS_LOCALITY
-100000000005411466,-100000000005411480,HAS_LOCALITY
-100000000005411466,-100000000005411483,HAS_LOCALITY
-100000000005411466,-100000000005411493,HAS_LOCALITY
-100000000005411466,-100000000005411486,HAS_LOCALITY
-100000000005411466,-100000000005411489,HAS_LOCALITY
-100000000005411466,-100000000005411484,HAS_LOCALITY
-100000000005411466,-100000000005411487,HAS_LOCALITY
-100000000005411466,-100000000005411495,HAS_LOCALITY
-100000000005411466,-100000000005411490,HAS_LOCALITY
-100000000005411287,-100000000005411293,HAS_LOCALITY
-100000000005411287,-100000000005411290,HAS_LOCALITY
-100000000005411287,-100000000005411289,HAS_LOCALITY
-100000000005411287,-100000000005411292,HAS_LOCALITY
-100000000005411287,-100000000005411295,HAS_LOCALITY
-100000000005411287,-100000000005411291,HAS_LOCALITY
-100000000005411287,-100000000005411294,HAS_LOCALITY
-100000000005399821,-100000000005499328,HAS_LOCALITY
-100000000005399821,-100000000005499327,HAS_LOCALITY
-100000000005399821,-100000000005457539,HAS_LOCALITY
-100000000005399821,-100000000005457540,HAS_LOCALITY
-100000000005399821,-100000000005457541,HAS_LOCALITY
-100000000005399826,-100000000005412010,HAS_LOCALITY
-100000000005399826,-100000000005412000,HAS_LOCALITY
-100000000005399826,-100000000005412003,HAS_LOCALITY
-100000000005399826,-100000000005412002,HAS_LOCALITY
-100000000005399826,-100000000005411998,HAS_LOCALITY
-100000000005399826,-100000000005412008,HAS_LOCALITY
-100000000005399826,-100000000005412005,HAS_LOCALITY
-100000000005399826,-100000000005412007,HAS_LOCALITY
-100000000005399826,-100000000005411996,HAS_LOCALITY
-100000000005399826,-100000000005411997,HAS_LOCALITY
-100000000005399826,-100000000005412001,HAS_LOCALITY
-100000000005399826,-100000000005412006,HAS_LOCALITY
-100000000005399826,-100000000005412004,HAS_LOCALITY
-100000000005399826,-100000000005411999,HAS_LOCALITY
-100000000005399826,-100000000005412009,HAS_LOCALITY
-100000000014364561,-100000000014364023,HAS_LOCALITY
-100000000014364561,-100000000014364023,HAS_LOCALITY
-100000000005762155,-100000000005762146,HAS_BLOC
-100000000005762155,-100000000005762148,HAS_BLOC
-100000000005762156,-100000000005762145,HAS_BLOC
-100000000005762156,-100000000005762149,HAS_BLOC
-100000000005762152,-100000000005762144,HAS_BLOC
-100000000005762152,-100000000005762147,HAS_BLOC
-100000000005762153,-100000000005762151,HAS_BLOC
-100000000005762153,-100000000005762143,HAS_BLOC
-100000000005762154,-100000000005762142,HAS_BLOC
-100000000005762154,-100000000005762150,HAS_BLOC
-100000000005804100,-100000000005804093,HAS_BLOC
-100000000005804100,-100000000005804095,HAS_BLOC
-100000000005804100,-100000000005804096,HAS_BLOC
-100000000005804100,-100000000005804097,HAS_BLOC
-100000000005804100,-100000000005804098,HAS_BLOC
-100000000005804100,-100000000005804094,HAS_BLOC
-100000000005508373,-100000000005843184,HAS_BLOC
-100000000005508373,-100000000005843183,HAS_BLOC
